n_quantiles,forecast_rows,signal_rows,sharpe,ann_return,ann_vol,max_drawdown,n_trades,win_rate,total_pnl
6,3489,1133,1.5782903685240384,2.360467177398607,1.495584858447836,-0.7828126722000166,134,0.5895522388059702,24375871.94483559
8,3489,1133,1.1593087508403912,1.9046814105014467,1.6429457718840899,-0.7145766258532805,132,0.5606060606060606,23494202.954099223
10,3489,1133,1.031573906562533,1.7238578658510373,1.671094872489913,-0.7974835074520663,136,0.5441176470588235,23104329.931230538
3,3489,1133,0.632759550130044,0.9883351570949477,1.5619442755021653,-0.8868045522237616,119,0.5126050420168067,17792192.17902053
4,3489,1133,0.6002108999093834,0.9548901385232742,1.5909243545351115,-0.8796706394975259,123,0.5121951219512195,17945486.45103901
5,3489,1133,0.5953877446547259,0.8969144792919315,1.5064375901994176,-0.8282068924401752,137,0.5109489051094891,17575149.805833146
