n_quantiles,forecast_rows,signal_rows,sharpe,ann_return,ann_vol,max_drawdown,n_trades,win_rate,total_pnl
8,3489,2782,2.1139682408164457,2.4264729332431685,0.6881044370775993,-0.8494749929592299,186,0.4731182795698925,16624353.44396485
4,3489,2782,2.0155314031895752,2.0344476856874687,0.6490499230791911,-0.8615584846806321,165,0.43636363636363634,15090796.507566229
10,3489,2782,2.0022444204716052,2.2331772574314757,0.7028948850266189,-0.9084086381430443,201,0.44776119402985076,16084198.419686556
5,3489,2782,1.9872242291916096,2.315778332054775,0.7255912858188982,-0.9154840468743521,183,0.44808743169398907,16490444.70688809
6,3489,2782,1.9488546307409709,2.185035513382952,0.7152531328886155,-0.8989255237541667,178,0.4550561797752809,15930564.344936702
3,3489,2782,1.7395496559277241,1.4609648159606352,0.621171033237779,-0.880986752219339,160,0.4375,12469294.637167301
